{"RuleTriggered": 0, "Violations": 0, "Details": {"pin_memory": false, "num_workers": 0, "cores": 36, "dataloaders": 1, "dataloading_time": {"p25": 0.022279, "p50": 0.023083, "p95": 0.0243417, "probs": [1, 0, 0, 0, 0, 0, 0, 0, 0, 0, 0, 0, 0, 0, 0, 0, 0, 0, 0, 0, 0, 0, 0, 0, 0, 0, 0, 0, 0, 0, 0, 0, 0, 0, 0, 0, 0, 0, 0, 0, 0, 0, 0, 0, 0, 0, 0, 0, 0, 0, 0, 0, 0, 0, 0, 0, 0, 0, 0, 0, 0, 0, 0, 0, 0, 0, 0, 0, 0, 0, 0, 0, 0, 0, 0, 0, 0, 0, 0, 0, 0, 0, 0, 0, 0, 0, 0, 2, 0, 0, 0, 0, 2, 0, 0, 0, 0, 1, 0, 1], "binedges": [0.006684, 0.00686178, 0.00703956, 0.00721734, 0.00739512, 0.0075729, 0.00775068, 0.00792846, 0.00810624, 0.00828402, 0.0084618, 0.008639580000000001, 0.00881736, 0.00899514, 0.009172920000000001, 0.0093507, 0.00952848, 0.009706260000000001, 0.00988404, 0.01006182, 0.0102396, 0.01041738, 0.01059516, 0.01077294, 0.01095072, 0.0111285, 0.01130628, 0.01148406, 0.01166184, 0.01183962, 0.012017400000000001, 0.01219518, 0.01237296, 0.012550740000000001, 0.01272852, 0.0129063, 0.013084080000000001, 0.01326186, 0.013439640000000001, 0.013617420000000002, 0.0137952, 0.013972980000000001, 0.014150760000000002, 0.01432854, 0.01450632, 0.014684100000000002, 0.014861880000000001, 0.01503966, 0.015217440000000002, 0.015395220000000001, 0.015573, 0.015750780000000002, 0.01592856, 0.01610634, 0.016284120000000003, 0.0164619, 0.01663968, 0.016817460000000003, 0.01699524, 0.01717302, 0.0173508, 0.017528580000000002, 0.01770636, 0.01788414, 0.018061920000000002, 0.0182397, 0.01841748, 0.018595260000000002, 0.01877304, 0.01895082, 0.019128600000000003, 0.01930638, 0.01948416, 0.019661940000000003, 0.01983972, 0.0200175, 0.020195280000000003, 0.020373060000000002, 0.02055084, 0.020728620000000003, 0.020906400000000002, 0.02108418, 0.021261960000000003, 0.021439740000000002, 0.02161752, 0.0217953, 0.021973080000000002, 0.02215086, 0.02232864, 0.022506420000000003, 0.0226842, 0.02286198, 0.02303976, 0.023217540000000002, 0.02339532, 0.0235731, 0.023750880000000002, 0.02392866, 0.02410644, 0.024284220000000002, 0.024462]}}, "Datapoints": 7, "RuleParameters": "min_threshold:70\nmax_threshold:200"}