{"RuleTriggered": 0, "Violations": 0, "Details": {"step_num": {"first": 1676180778190260, "last": 1676181444129934}, "job_start": 1676180693.500635, "job_end": 1676181539.50052}, "Datapoints": 20, "RuleParameters": "threshold:20"}