{"RuleTriggered": 0, "Violations": 0, "Details": {"ratio": {"cpu_functions": 100.0}, "phase": {"Step:ModeKeys.GLOBAL": 156.90642542298468, "others": -56.9064254229847}, "phase_time": {}, "general": {"DataLoaderIterInitialize": 0.012421920335578, "Forward": 99.97638605167215, "DataLoaderIter": 0.011192027992266918}, "CPU": {"dropout": 3.9823842824297015, "bernoulli_": 2.6866572971986837, "matmul": 11.25705029068094, "mm": 25.328611961566217, "NativeLayerNormBackward": 6.744124624236862, "native_layer_norm_backward": 6.742469049202149, "MmBackward": 15.611548071661494, "GeluBackward": 13.823761010280899, "gelu_backward": 13.823393412743052}, "CPU_total": {"dropout": 7182640, "bernoulli_": 4845663, "matmul": 20303249, "mm": 45682759, "NativeLayerNormBackward": 12163723, "native_layer_norm_backward": 12160737, "MmBackward": 28157034, "GeluBackward": 24932576, "gelu_backward": 24931913}}, "Datapoints": 0, "RuleParameters": ""}